<?xml version="1.0" encoding="UTF-8"?>
<beans xmlns="http://www.springframework.org/schema/beans"
	xmlns:context="http://www.springframework.org/schema/context"
	xmlns:xsi="http://www.w3.org/2001/XMLSchema-instance"
	xsi:schemaLocation=" http://www.springframework.org/schema/beans 
	http://www.springframework.org/schema/beans/spring-beans.xsd
	http://www.springframework.org/schema/context http://www.springframework.org/schema/context/spring-context.xsd">

<bean id="parker" class="com.prateek.app.bean.Pen">
	<constructor-arg value="green"></constructor-arg>
</bean>
<bean id="renold" class="com.prateek.app.bean.Pen">
	<constructor-arg value="10.3" type="double"></constructor-arg>
</bean>
	


</beans>